<?xml version="1.0" encoding="UTF-8" standalone="yes"?>
<addon id="plugin.program.Milhano" name=" [B][COLOR orange]Ares Team Milhano Wizard[/COLOR][/B]" version="M.1" provider-name="[B][COLOR red]Team Milhano Wizard[/COLOR][/B]">
  <requires>
    <import addon="xbmc.python" version="2.1.0"/>
	</requires>
  <extension point="xbmc.python.pluginsource" library="default.py">
        <provides>executable</provides>
  </extension>
  <extension point="xbmc.service" library="startup.py" start="startup" />
  <extension point="xbmc.addon.metadata">
    <summary lang="en">Ares Team Milhano Wizard</summary>
    <description lang="en">https://t.me/MILHANO</description>
    <platform>all</platform>
  </extension>
</addon>